displacement,genotype
-0.018085466,WT
-0.172484038,WT
-0.045757296,WT
-0.092794126,WT
-0.058388705,WT
-0.159104623,WT
-0.151733589,WT
-0.049474866,WT
-0.046270072,WT
-0.064891086,WT
0.139215352,WT
-0.065433501,WT
0.017375618,NOS11x11
-0.075051638,NOS11x11
-0.075978884,NOS11x11
-0.12731524,NOS11x11
0.064218334,NOS11x11
0.085713812,NOS11x11
0.08085445,NOS11x11
-0.018710185,NOS11x11
0.06656769,NOS23x23
0.156852655,NOS23x23
0.080787019,NOS23x23
