condition,mean
GcG-NIT1_DMSO,0.992825632
GcG-NIT1_DMSO,0.992542033
GcG-NIT1_DMSO,1.003772989
GcG-NIT1_DMSO,0.992518091
GcG-NIT1_DMSO,0.996595965
GcG-NIT1_DMSO,0.989990679
GcG_SNAP,0.982835074
GcG_SNAP,0.99742046
GcG_SNAP,0.982398666
GcG_SNAP,0.982839499
GcG_SNAP,0.995417488
GcG_SNAP,0.987386608
GcG-NIT1_SNAP,1.060509651
GcG-NIT1_SNAP,1.052591646
GcG-NIT1_SNAP,1.044169909
GcG-NIT1_SNAP,1.025208103
GcG-NIT1_SNAP,1.065262435
GcG-NIT1_SNAP,1.102631507
